"ConditionName","ConditionSNOMED","PathogenName","PathogenTaxonID","Fatalities","CountryName","CountryISO","Admin1Name","Admin1ISO","Admin2Name","CityName","PeriodStartDate","PeriodEndDate","PartOfCumulativeCountSeries","AgeRange","Subpopulation","PlaceOfAcquisition","DiagnosisCertainty","SourceName","CountValue"
"Dengue","38362002","Dengue virus","12637","0","SINGAPORE","SG","CENTRAL SINGAPORE","SG-01","NA","NA","1993-01-01","1993-01-31","0","0-130","None specified","NA","NA","Singapore Dengue Surveillance System","70"
"Dengue","38362002","Dengue virus","12637","0","SINGAPORE","SG","CENTRAL SINGAPORE","SG-01","NA","NA","1993-02-01","1993-02-28","0","0-130","None specified","NA","NA","Singapore Dengue Surveillance System","60"
"Dengue","38362002","Dengue virus","12637","0","SINGAPORE","SG","CENTRAL SINGAPORE","SG-01","NA","NA","1993-03-01","1993-03-31","0","0-130","None specified","NA","NA","Singapore Dengue Surveillance System","25"
"Dengue","38362002","Dengue virus","12637","0","SINGAPORE","SG","CENTRAL SINGAPORE","SG-01","NA","NA","1993-04-01","1993-04-30","0","0-130","None specified","NA","NA","Singapore Dengue Surveillance System","11"
"Dengue","38362002","Dengue virus","12637","0","SINGAPORE","SG","CENTRAL SINGAPORE","SG-01","NA","NA","1993-05-01","1993-05-31","0","0-130","None specified","NA","NA","Singapore Dengue Surveillance System","30"
"Dengue","38362002","Dengue virus","12637","0","SINGAPORE","SG","CENTRAL SINGAPORE","SG-01","NA","NA","1993-06-01","1993-06-30","0","0-130","None specified","NA","NA","Singapore Dengue Surveillance System","59"
"Dengue","38362002","Dengue virus","12637","0","SINGAPORE","SG","CENTRAL SINGAPORE","SG-01","NA","NA","1993-07-01","1993-07-31","0","0-130","None specified","NA","NA","Singapore Dengue Surveillance System","66"
"Dengue","38362002","Dengue virus","12637","0","SINGAPORE","SG","CENTRAL SINGAPORE","SG-01","NA","NA","1993-08-01","1993-08-31","0","0-130","None specified","NA","NA","Singapore Dengue Surveillance System","98"
"Dengue","38362002","Dengue virus","12637","0","SINGAPORE","SG","CENTRAL SINGAPORE","SG-01","NA","NA","1993-09-01","1993-09-30","0","0-130","None specified","NA","NA","Singapore Dengue Surveillance System","151"
"Dengue","38362002","Dengue virus","12637","0","SINGAPORE","SG","CENTRAL SINGAPORE","SG-01","NA","NA","1993-10-01","1993-10-31","0","0-130","None specified","NA","NA","Singapore Dengue Surveillance System","137"
"Dengue","38362002","Dengue virus","12637","0","SINGAPORE","SG","CENTRAL SINGAPORE","SG-01","NA","NA","1993-11-01","1993-11-30","0","0-130","None specified","NA","NA","Singapore Dengue Surveillance System","107"
"Dengue","38362002","Dengue virus","12637","0","SINGAPORE","SG","CENTRAL SINGAPORE","SG-01","NA","NA","1993-12-01","1993-12-31","0","0-130","None specified","NA","NA","Singapore Dengue Surveillance System","133"
"Dengue","38362002","Dengue virus","12637","0","SINGAPORE","SG","CENTRAL SINGAPORE","SG-01","NA","NA","1994-01-01","1994-01-31","0","0-130","None specified","NA","NA","Singapore Dengue Surveillance System","62"
"Dengue","38362002","Dengue virus","12637","0","SINGAPORE","SG","CENTRAL SINGAPORE","SG-01","NA","NA","1994-02-01","1994-02-28","0","0-130","None specified","NA","NA","Singapore Dengue Surveillance System","76"
"Dengue","38362002","Dengue virus","12637","0","SINGAPORE","SG","CENTRAL SINGAPORE","SG-01","NA","NA","1994-03-01","1994-03-31","0","0-130","None specified","NA","NA","Singapore Dengue Surveillance System","87"
"Dengue","38362002","Dengue virus","12637","0","SINGAPORE","SG","CENTRAL SINGAPORE","SG-01","NA","NA","1994-04-01","1994-04-30","0","0-130","None specified","NA","NA","Singapore Dengue Surveillance System","51"
"Dengue","38362002","Dengue virus","12637","0","SINGAPORE","SG","CENTRAL SINGAPORE","SG-01","NA","NA","1994-05-01","1994-05-31","0","0-130","None specified","NA","NA","Singapore Dengue Surveillance System","56"
"Dengue","38362002","Dengue virus","12637","0","SINGAPORE","SG","CENTRAL SINGAPORE","SG-01","NA","NA","1994-06-01","1994-06-30","0","0-130","None specified","NA","NA","Singapore Dengue Surveillance System","96"
"Dengue","38362002","Dengue virus","12637","0","SINGAPORE","SG","CENTRAL SINGAPORE","SG-01","NA","NA","1994-07-01","1994-07-31","0","0-130","None specified","NA","NA","Singapore Dengue Surveillance System","63"
"Dengue","38362002","Dengue virus","12637","0","SINGAPORE","SG","CENTRAL SINGAPORE","SG-01","NA","NA","1994-08-01","1994-08-31","0","0-130","None specified","NA","NA","Singapore Dengue Surveillance System","174"
"Dengue","38362002","Dengue virus","12637","0","SINGAPORE","SG","CENTRAL SINGAPORE","SG-01","NA","NA","1994-09-01","1994-09-30","0","0-130","None specified","NA","NA","Singapore Dengue Surveillance System","202"
"Dengue","38362002","Dengue virus","12637","0","SINGAPORE","SG","CENTRAL SINGAPORE","SG-01","NA","NA","1994-10-01","1994-10-31","0","0-130","None specified","NA","NA","Singapore Dengue Surveillance System","151"
"Dengue","38362002","Dengue virus","12637","0","SINGAPORE","SG","CENTRAL SINGAPORE","SG-01","NA","NA","1994-11-01","1994-11-30","0","0-130","None specified","NA","NA","Singapore Dengue Surveillance System","128"
"Dengue","38362002","Dengue virus","12637","0","SINGAPORE","SG","CENTRAL SINGAPORE","SG-01","NA","NA","1994-12-01","1994-12-31","0","0-130","None specified","NA","NA","Singapore Dengue Surveillance System","93"
"Dengue","38362002","Dengue virus","12637","0","SINGAPORE","SG","CENTRAL SINGAPORE","SG-01","NA","NA","1995-01-01","1995-01-31","0","0-130","None specified","NA","NA","Singapore Dengue Surveillance System","144"
"Dengue","38362002","Dengue virus","12637","0","SINGAPORE","SG","CENTRAL SINGAPORE","SG-01","NA","NA","1995-02-01","1995-02-28","0","0-130","None specified","NA","NA","Singapore Dengue Surveillance System","92"
"Dengue","38362002","Dengue virus","12637","0","SINGAPORE","SG","CENTRAL SINGAPORE","SG-01","NA","NA","1995-03-01","1995-03-31","0","0-130","None specified","NA","NA","Singapore Dengue Surveillance System","140"
"Dengue","38362002","Dengue virus","12637","0","SINGAPORE","SG","CENTRAL SINGAPORE","SG-01","NA","NA","1995-04-01","1995-04-30","0","0-130","None specified","NA","NA","Singapore Dengue Surveillance System","82"
"Dengue","38362002","Dengue virus","12637","0","SINGAPORE","SG","CENTRAL SINGAPORE","SG-01","NA","NA","1995-05-01","1995-05-31","0","0-130","None specified","NA","NA","Singapore Dengue Surveillance System","96"
"Dengue","38362002","Dengue virus","12637","0","SINGAPORE","SG","CENTRAL SINGAPORE","SG-01","NA","NA","1995-06-01","1995-06-30","0","0-130","None specified","NA","NA","Singapore Dengue Surveillance System","131"
"Dengue","38362002","Dengue virus","12637","0","SINGAPORE","SG","CENTRAL SINGAPORE","SG-01","NA","NA","1995-07-01","1995-07-31","0","0-130","None specified","NA","NA","Singapore Dengue Surveillance System","183"
"Dengue","38362002","Dengue virus","12637","0","SINGAPORE","SG","CENTRAL SINGAPORE","SG-01","NA","NA","1995-08-01","1995-08-31","0","0-130","None specified","NA","NA","Singapore Dengue Surveillance System","242"
"Dengue","38362002","Dengue virus","12637","0","SINGAPORE","SG","CENTRAL SINGAPORE","SG-01","NA","NA","1995-09-01","1995-09-30","0","0-130","None specified","NA","NA","Singapore Dengue Surveillance System","237"
"Dengue","38362002","Dengue virus","12637","0","SINGAPORE","SG","CENTRAL SINGAPORE","SG-01","NA","NA","1995-10-01","1995-10-31","0","0-130","None specified","NA","NA","Singapore Dengue Surveillance System","240"
"Dengue","38362002","Dengue virus","12637","0","SINGAPORE","SG","CENTRAL SINGAPORE","SG-01","NA","NA","1995-11-01","1995-11-30","0","0-130","None specified","NA","NA","Singapore Dengue Surveillance System","261"
"Dengue","38362002","Dengue virus","12637","0","SINGAPORE","SG","CENTRAL SINGAPORE","SG-01","NA","NA","1995-12-01","1995-12-31","0","0-130","None specified","NA","NA","Singapore Dengue Surveillance System","160"
"Dengue","38362002","Dengue virus","12637","0","SINGAPORE","SG","CENTRAL SINGAPORE","SG-01","NA","NA","1996-01-01","1996-01-31","0","0-130","None specified","NA","NA","Singapore Dengue Surveillance System","184"
"Dengue","38362002","Dengue virus","12637","0","SINGAPORE","SG","CENTRAL SINGAPORE","SG-01","NA","NA","1996-02-01","1996-02-29","0","0-130","None specified","NA","NA","Singapore Dengue Surveillance System","72"
"Dengue","38362002","Dengue virus","12637","0","SINGAPORE","SG","CENTRAL SINGAPORE","SG-01","NA","NA","1996-03-01","1996-03-31","0","0-130","None specified","NA","NA","Singapore Dengue Surveillance System","87"
"Dengue","38362002","Dengue virus","12637","0","SINGAPORE","SG","CENTRAL SINGAPORE","SG-01","NA","NA","1996-04-01","1996-04-30","0","0-130","None specified","NA","NA","Singapore Dengue Surveillance System","86"
"Dengue","38362002","Dengue virus","12637","0","SINGAPORE","SG","CENTRAL SINGAPORE","SG-01","NA","NA","1996-05-01","1996-05-31","0","0-130","None specified","NA","NA","Singapore Dengue Surveillance System","57"
"Dengue","38362002","Dengue virus","12637","0","SINGAPORE","SG","CENTRAL SINGAPORE","SG-01","NA","NA","1996-06-01","1996-06-30","0","0-130","None specified","NA","NA","Singapore Dengue Surveillance System","113"
"Dengue","38362002","Dengue virus","12637","0","SINGAPORE","SG","CENTRAL SINGAPORE","SG-01","NA","NA","1996-07-01","1996-07-31","0","0-130","None specified","NA","NA","Singapore Dengue Surveillance System","226"
"Dengue","38362002","Dengue virus","12637","0","SINGAPORE","SG","CENTRAL SINGAPORE","SG-01","NA","NA","1996-08-01","1996-08-31","0","0-130","None specified","NA","NA","Singapore Dengue Surveillance System","305"
"Dengue","38362002","Dengue virus","12637","0","SINGAPORE","SG","CENTRAL SINGAPORE","SG-01","NA","NA","1996-09-01","1996-09-30","0","0-130","None specified","NA","NA","Singapore Dengue Surveillance System","382"
"Dengue","38362002","Dengue virus","12637","0","SINGAPORE","SG","CENTRAL SINGAPORE","SG-01","NA","NA","1996-10-01","1996-10-31","0","0-130","None specified","NA","NA","Singapore Dengue Surveillance System","692"
"Dengue","38362002","Dengue virus","12637","0","SINGAPORE","SG","CENTRAL SINGAPORE","SG-01","NA","NA","1996-11-01","1996-11-30","0","0-130","None specified","NA","NA","Singapore Dengue Surveillance System","458"
"Dengue","38362002","Dengue virus","12637","0","SINGAPORE","SG","CENTRAL SINGAPORE","SG-01","NA","NA","1996-12-01","1996-12-31","0","0-130","None specified","NA","NA","Singapore Dengue Surveillance System","389"
"Dengue","38362002","Dengue virus","12637","0","SINGAPORE","SG","CENTRAL SINGAPORE","SG-01","NA","NA","1997-01-01","1997-01-31","0","0-130","None specified","NA","NA","Singapore Dengue Surveillance System","327"
"Dengue","38362002","Dengue virus","12637","0","SINGAPORE","SG","CENTRAL SINGAPORE","SG-01","NA","NA","1997-02-01","1997-02-28","0","0-130","None specified","NA","NA","Singapore Dengue Surveillance System","190"
"Dengue","38362002","Dengue virus","12637","0","SINGAPORE","SG","CENTRAL SINGAPORE","SG-01","NA","NA","1997-03-01","1997-03-31","0","0-130","None specified","NA","NA","Singapore Dengue Surveillance System","158"
"Dengue","38362002","Dengue virus","12637","0","SINGAPORE","SG","CENTRAL SINGAPORE","SG-01","NA","NA","1997-04-01","1997-04-30","0","0-130","None specified","NA","NA","Singapore Dengue Surveillance System","232"
"Dengue","38362002","Dengue virus","12637","0","SINGAPORE","SG","CENTRAL SINGAPORE","SG-01","NA","NA","1997-05-01","1997-05-31","0","0-130","None specified","NA","NA","Singapore Dengue Surveillance System","185"
"Dengue","38362002","Dengue virus","12637","0","SINGAPORE","SG","CENTRAL SINGAPORE","SG-01","NA","NA","1997-06-01","1997-06-30","0","0-130","None specified","NA","NA","Singapore Dengue Surveillance System","461"
"Dengue","38362002","Dengue virus","12637","0","SINGAPORE","SG","CENTRAL SINGAPORE","SG-01","NA","NA","1997-07-01","1997-07-31","0","0-130","None specified","NA","NA","Singapore Dengue Surveillance System","710"
"Dengue","38362002","Dengue virus","12637","0","SINGAPORE","SG","CENTRAL SINGAPORE","SG-01","NA","NA","1997-08-01","1997-08-31","0","0-130","None specified","NA","NA","Singapore Dengue Surveillance System","561"
"Dengue","38362002","Dengue virus","12637","0","SINGAPORE","SG","CENTRAL SINGAPORE","SG-01","NA","NA","1997-09-01","1997-09-30","0","0-130","None specified","NA","NA","Singapore Dengue Surveillance System","390"
"Dengue","38362002","Dengue virus","12637","0","SINGAPORE","SG","CENTRAL SINGAPORE","SG-01","NA","NA","1997-10-01","1997-10-31","0","0-130","None specified","NA","NA","Singapore Dengue Surveillance System","377"
"Dengue","38362002","Dengue virus","12637","0","SINGAPORE","SG","CENTRAL SINGAPORE","SG-01","NA","NA","1997-11-01","1997-11-30","0","0-130","None specified","NA","NA","Singapore Dengue Surveillance System","223"
"Dengue","38362002","Dengue virus","12637","0","SINGAPORE","SG","CENTRAL SINGAPORE","SG-01","NA","NA","1997-12-01","1997-12-31","0","0-130","None specified","NA","NA","Singapore Dengue Surveillance System","486"
"Dengue","38362002","Dengue virus","12637","0","SINGAPORE","SG","CENTRAL SINGAPORE","SG-01","NA","NA","1998-01-01","1998-01-31","0","0-130","None specified","NA","NA","Singapore Dengue Surveillance System","528"
"Dengue","38362002","Dengue virus","12637","0","SINGAPORE","SG","CENTRAL SINGAPORE","SG-01","NA","NA","1998-02-01","1998-02-28","0","0-130","None specified","NA","NA","Singapore Dengue Surveillance System","560"
"Dengue","38362002","Dengue virus","12637","0","SINGAPORE","SG","CENTRAL SINGAPORE","SG-01","NA","NA","1998-03-01","1998-03-31","0","0-130","None specified","NA","NA","Singapore Dengue Surveillance System","409"
"Dengue","38362002","Dengue virus","12637","0","SINGAPORE","SG","CENTRAL SINGAPORE","SG-01","NA","NA","1998-04-01","1998-04-30","0","0-130","None specified","NA","NA","Singapore Dengue Surveillance System","289"
"Dengue","38362002","Dengue virus","12637","0","SINGAPORE","SG","CENTRAL SINGAPORE","SG-01","NA","NA","1998-05-01","1998-05-31","0","0-130","None specified","NA","NA","Singapore Dengue Surveillance System","204"
"Dengue","38362002","Dengue virus","12637","0","SINGAPORE","SG","CENTRAL SINGAPORE","SG-01","NA","NA","1998-06-01","1998-06-30","0","0-130","None specified","NA","NA","Singapore Dengue Surveillance System","336"
"Dengue","38362002","Dengue virus","12637","0","SINGAPORE","SG","CENTRAL SINGAPORE","SG-01","NA","NA","1998-07-01","1998-07-31","0","0-130","None specified","NA","NA","Singapore Dengue Surveillance System","668"
"Dengue","38362002","Dengue virus","12637","0","SINGAPORE","SG","CENTRAL SINGAPORE","SG-01","NA","NA","1998-08-01","1998-08-31","0","0-130","None specified","NA","NA","Singapore Dengue Surveillance System","508"
"Dengue","38362002","Dengue virus","12637","0","SINGAPORE","SG","CENTRAL SINGAPORE","SG-01","NA","NA","1998-09-01","1998-09-30","0","0-130","None specified","NA","NA","Singapore Dengue Surveillance System","658"
"Dengue","38362002","Dengue virus","12637","0","SINGAPORE","SG","CENTRAL SINGAPORE","SG-01","NA","NA","1998-10-01","1998-10-31","0","0-130","None specified","NA","NA","Singapore Dengue Surveillance System","470"
"Dengue","38362002","Dengue virus","12637","0","SINGAPORE","SG","CENTRAL SINGAPORE","SG-01","NA","NA","1998-11-01","1998-11-30","0","0-130","None specified","NA","NA","Singapore Dengue Surveillance System","283"
"Dengue","38362002","Dengue virus","12637","0","SINGAPORE","SG","CENTRAL SINGAPORE","SG-01","NA","NA","1998-12-01","1998-12-31","0","0-130","None specified","NA","NA","Singapore Dengue Surveillance System","300"
"Dengue","38362002","Dengue virus","12637","0","SINGAPORE","SG","CENTRAL SINGAPORE","SG-01","NA","NA","1999-01-01","1999-01-31","0","0-130","None specified","NA","NA","Singapore Dengue Surveillance System","194"
"Dengue","38362002","Dengue virus","12637","0","SINGAPORE","SG","CENTRAL SINGAPORE","SG-01","NA","NA","1999-02-01","1999-02-28","0","0-130","None specified","NA","NA","Singapore Dengue Surveillance System","113"
"Dengue","38362002","Dengue virus","12637","0","SINGAPORE","SG","CENTRAL SINGAPORE","SG-01","NA","NA","1999-03-01","1999-03-31","0","0-130","None specified","NA","NA","Singapore Dengue Surveillance System","119"
"Dengue","38362002","Dengue virus","12637","0","SINGAPORE","SG","CENTRAL SINGAPORE","SG-01","NA","NA","1999-04-01","1999-04-30","0","0-130","None specified","NA","NA","Singapore Dengue Surveillance System","101"
"Dengue","38362002","Dengue virus","12637","0","SINGAPORE","SG","CENTRAL SINGAPORE","SG-01","NA","NA","1999-05-01","1999-05-31","0","0-130","None specified","NA","NA","Singapore Dengue Surveillance System","92"
"Dengue","38362002","Dengue virus","12637","0","SINGAPORE","SG","CENTRAL SINGAPORE","SG-01","NA","NA","1999-06-01","1999-06-30","0","0-130","None specified","NA","NA","Singapore Dengue Surveillance System","89"
"Dengue","38362002","Dengue virus","12637","0","SINGAPORE","SG","CENTRAL SINGAPORE","SG-01","NA","NA","1999-07-01","1999-07-31","0","0-130","None specified","NA","NA","Singapore Dengue Surveillance System","83"
"Dengue","38362002","Dengue virus","12637","0","SINGAPORE","SG","CENTRAL SINGAPORE","SG-01","NA","NA","1999-08-01","1999-08-31","0","0-130","None specified","NA","NA","Singapore Dengue Surveillance System","105"
"Dengue","38362002","Dengue virus","12637","0","SINGAPORE","SG","CENTRAL SINGAPORE","SG-01","NA","NA","1999-09-01","1999-09-30","0","0-130","None specified","NA","NA","Singapore Dengue Surveillance System","131"
"Dengue","38362002","Dengue virus","12637","0","SINGAPORE","SG","CENTRAL SINGAPORE","SG-01","NA","NA","1999-10-01","1999-10-31","0","0-130","None specified","NA","NA","Singapore Dengue Surveillance System","131"
"Dengue","38362002","Dengue virus","12637","0","SINGAPORE","SG","CENTRAL SINGAPORE","SG-01","NA","NA","1999-11-01","1999-11-30","0","0-130","None specified","NA","NA","Singapore Dengue Surveillance System","92"
"Dengue","38362002","Dengue virus","12637","0","SINGAPORE","SG","CENTRAL SINGAPORE","SG-01","NA","NA","1999-12-01","1999-12-31","0","0-130","None specified","NA","NA","Singapore Dengue Surveillance System","105"
"Dengue","38362002","Dengue virus","12637","0","SINGAPORE","SG","CENTRAL SINGAPORE","SG-01","NA","NA","2000-01-01","2000-01-31","0","0-130","None specified","NA","NA","Singapore Dengue Surveillance System","57"
"Dengue","38362002","Dengue virus","12637","0","SINGAPORE","SG","CENTRAL SINGAPORE","SG-01","NA","NA","2000-02-01","2000-02-29","0","0-130","None specified","NA","NA","Singapore Dengue Surveillance System","53"
"Dengue","38362002","Dengue virus","12637","0","SINGAPORE","SG","CENTRAL SINGAPORE","SG-01","NA","NA","2000-03-01","2000-03-31","0","0-130","None specified","NA","NA","Singapore Dengue Surveillance System","46"
"Dengue","38362002","Dengue virus","12637","0","SINGAPORE","SG","CENTRAL SINGAPORE","SG-01","NA","NA","2000-04-01","2000-04-30","0","0-130","None specified","NA","NA","Singapore Dengue Surveillance System","32"
"Dengue","38362002","Dengue virus","12637","0","SINGAPORE","SG","CENTRAL SINGAPORE","SG-01","NA","NA","2000-05-01","2000-05-31","0","0-130","None specified","NA","NA","Singapore Dengue Surveillance System","47"
"Dengue","38362002","Dengue virus","12637","0","SINGAPORE","SG","CENTRAL SINGAPORE","SG-01","NA","NA","2000-06-01","2000-06-30","0","0-130","None specified","NA","NA","Singapore Dengue Surveillance System","56"
"Dengue","38362002","Dengue virus","12637","0","SINGAPORE","SG","CENTRAL SINGAPORE","SG-01","NA","NA","2000-07-01","2000-07-31","0","0-130","None specified","NA","NA","Singapore Dengue Surveillance System","55"
"Dengue","38362002","Dengue virus","12637","0","SINGAPORE","SG","CENTRAL SINGAPORE","SG-01","NA","NA","2000-08-01","2000-08-31","0","0-130","None specified","NA","NA","Singapore Dengue Surveillance System","87"
"Dengue","38362002","Dengue virus","12637","0","SINGAPORE","SG","CENTRAL SINGAPORE","SG-01","NA","NA","2000-09-01","2000-09-30","0","0-130","None specified","NA","NA","Singapore Dengue Surveillance System","63"
"Dengue","38362002","Dengue virus","12637","0","SINGAPORE","SG","CENTRAL SINGAPORE","SG-01","NA","NA","2000-10-01","2000-10-31","0","0-130","None specified","NA","NA","Singapore Dengue Surveillance System","48"
"Dengue","38362002","Dengue virus","12637","0","SINGAPORE","SG","CENTRAL SINGAPORE","SG-01","NA","NA","2000-11-01","2000-11-30","0","0-130","None specified","NA","NA","Singapore Dengue Surveillance System","68"
"Dengue","38362002","Dengue virus","12637","0","SINGAPORE","SG","CENTRAL SINGAPORE","SG-01","NA","NA","2000-12-01","2000-12-31","0","0-130","None specified","NA","NA","Singapore Dengue Surveillance System","61"
"Dengue","38362002","Dengue virus","12637","0","SINGAPORE","SG","CENTRAL SINGAPORE","SG-01","NA","NA","2001-01-01","2001-01-31","0","0-130","None specified","NA","NA","Singapore Dengue Surveillance System","72"
"Dengue","38362002","Dengue virus","12637","0","SINGAPORE","SG","CENTRAL SINGAPORE","SG-01","NA","NA","2001-02-01","2001-02-28","0","0-130","None specified","NA","NA","Singapore Dengue Surveillance System","98"
"Dengue","38362002","Dengue virus","12637","0","SINGAPORE","SG","CENTRAL SINGAPORE","SG-01","NA","NA","2001-03-01","2001-03-31","0","0-130","None specified","NA","NA","Singapore Dengue Surveillance System","144"
"Dengue","38362002","Dengue virus","12637","0","SINGAPORE","SG","CENTRAL SINGAPORE","SG-01","NA","NA","2001-04-01","2001-04-30","0","0-130","None specified","NA","NA","Singapore Dengue Surveillance System","113"
"Dengue","38362002","Dengue virus","12637","0","SINGAPORE","SG","CENTRAL SINGAPORE","SG-01","NA","NA","2001-05-01","2001-05-31","0","0-130","None specified","NA","NA","Singapore Dengue Surveillance System","217"
"Dengue","38362002","Dengue virus","12637","0","SINGAPORE","SG","CENTRAL SINGAPORE","SG-01","NA","NA","2001-06-01","2001-06-30","0","0-130","None specified","NA","NA","Singapore Dengue Surveillance System","193"
"Dengue","38362002","Dengue virus","12637","0","SINGAPORE","SG","CENTRAL SINGAPORE","SG-01","NA","NA","2001-07-01","2001-07-31","0","0-130","None specified","NA","NA","Singapore Dengue Surveillance System","329"
"Dengue","38362002","Dengue virus","12637","0","SINGAPORE","SG","CENTRAL SINGAPORE","SG-01","NA","NA","2001-08-01","2001-08-31","0","0-130","None specified","NA","NA","Singapore Dengue Surveillance System","408"
"Dengue","38362002","Dengue virus","12637","0","SINGAPORE","SG","CENTRAL SINGAPORE","SG-01","NA","NA","2001-09-01","2001-09-30","0","0-130","None specified","NA","NA","Singapore Dengue Surveillance System","287"
"Dengue","38362002","Dengue virus","12637","0","SINGAPORE","SG","CENTRAL SINGAPORE","SG-01","NA","NA","2001-10-01","2001-10-31","0","0-130","None specified","NA","NA","Singapore Dengue Surveillance System","221"
"Dengue","38362002","Dengue virus","12637","0","SINGAPORE","SG","CENTRAL SINGAPORE","SG-01","NA","NA","2001-11-01","2001-11-30","0","0-130","None specified","NA","NA","Singapore Dengue Surveillance System","145"
"Dengue","38362002","Dengue virus","12637","0","SINGAPORE","SG","CENTRAL SINGAPORE","SG-01","NA","NA","2001-12-01","2001-12-31","0","0-130","None specified","NA","NA","Singapore Dengue Surveillance System","128"
"Dengue","38362002","Dengue virus","12637","0","SINGAPORE","SG","CENTRAL SINGAPORE","SG-01","NA","NA","2002-01-01","2002-01-31","0","0-130","None specified","NA","NA","Singapore Dengue Surveillance System","85"
"Dengue","38362002","Dengue virus","12637","0","SINGAPORE","SG","CENTRAL SINGAPORE","SG-01","NA","NA","2002-02-01","2002-02-28","0","0-130","None specified","NA","NA","Singapore Dengue Surveillance System","77"
"Dengue","38362002","Dengue virus","12637","0","SINGAPORE","SG","CENTRAL SINGAPORE","SG-01","NA","NA","2002-03-01","2002-03-31","0","0-130","None specified","NA","NA","Singapore Dengue Surveillance System","80"
"Dengue","38362002","Dengue virus","12637","0","SINGAPORE","SG","CENTRAL SINGAPORE","SG-01","NA","NA","2002-04-01","2002-04-30","0","0-130","None specified","NA","NA","Singapore Dengue Surveillance System","139"
"Dengue","38362002","Dengue virus","12637","0","SINGAPORE","SG","CENTRAL SINGAPORE","SG-01","NA","NA","2002-05-01","2002-05-31","0","0-130","None specified","NA","NA","Singapore Dengue Surveillance System","288"
"Dengue","38362002","Dengue virus","12637","0","SINGAPORE","SG","CENTRAL SINGAPORE","SG-01","NA","NA","2002-06-01","2002-06-30","0","0-130","None specified","NA","NA","Singapore Dengue Surveillance System","230"
"Dengue","38362002","Dengue virus","12637","0","SINGAPORE","SG","CENTRAL SINGAPORE","SG-01","NA","NA","2002-07-01","2002-07-31","0","0-130","None specified","NA","NA","Singapore Dengue Surveillance System","478"
"Dengue","38362002","Dengue virus","12637","0","SINGAPORE","SG","CENTRAL SINGAPORE","SG-01","NA","NA","2002-08-01","2002-08-31","0","0-130","None specified","NA","NA","Singapore Dengue Surveillance System","520"
"Dengue","38362002","Dengue virus","12637","0","SINGAPORE","SG","CENTRAL SINGAPORE","SG-01","NA","NA","2002-09-01","2002-09-30","0","0-130","None specified","NA","NA","Singapore Dengue Surveillance System","598"
"Dengue","38362002","Dengue virus","12637","0","SINGAPORE","SG","CENTRAL SINGAPORE","SG-01","NA","NA","2002-10-01","2002-10-31","0","0-130","None specified","NA","NA","Singapore Dengue Surveillance System","625"
"Dengue","38362002","Dengue virus","12637","0","SINGAPORE","SG","CENTRAL SINGAPORE","SG-01","NA","NA","2002-11-01","2002-11-30","0","0-130","None specified","NA","NA","Singapore Dengue Surveillance System","391"
"Dengue","38362002","Dengue virus","12637","0","SINGAPORE","SG","CENTRAL SINGAPORE","SG-01","NA","NA","2002-12-01","2002-12-31","0","0-130","None specified","NA","NA","Singapore Dengue Surveillance System","370"
"Dengue","38362002","Dengue virus","12637","0","SINGAPORE","SG","CENTRAL SINGAPORE","SG-01","NA","NA","2003-01-01","2003-01-31","0","0-130","None specified","NA","NA","Singapore Dengue Surveillance System","355"
"Dengue","38362002","Dengue virus","12637","0","SINGAPORE","SG","CENTRAL SINGAPORE","SG-01","NA","NA","2003-02-01","2003-02-28","0","0-130","None specified","NA","NA","Singapore Dengue Surveillance System","331"
"Dengue","38362002","Dengue virus","12637","0","SINGAPORE","SG","CENTRAL SINGAPORE","SG-01","NA","NA","2003-03-01","2003-03-31","0","0-130","None specified","NA","NA","Singapore Dengue Surveillance System","341"
"Dengue","38362002","Dengue virus","12637","0","SINGAPORE","SG","CENTRAL SINGAPORE","SG-01","NA","NA","2003-04-01","2003-04-30","0","0-130","None specified","NA","NA","Singapore Dengue Surveillance System","359"
"Dengue","38362002","Dengue virus","12637","0","SINGAPORE","SG","CENTRAL SINGAPORE","SG-01","NA","NA","2003-05-01","2003-05-31","0","0-130","None specified","NA","NA","Singapore Dengue Surveillance System","342"
"Dengue","38362002","Dengue virus","12637","0","SINGAPORE","SG","CENTRAL SINGAPORE","SG-01","NA","NA","2003-06-01","2003-06-30","0","0-130","None specified","NA","NA","Singapore Dengue Surveillance System","777"
"Dengue","38362002","Dengue virus","12637","0","SINGAPORE","SG","CENTRAL SINGAPORE","SG-01","NA","NA","2003-07-01","2003-07-31","0","0-130","None specified","NA","NA","Singapore Dengue Surveillance System","556"
"Dengue","38362002","Dengue virus","12637","0","SINGAPORE","SG","CENTRAL SINGAPORE","SG-01","NA","NA","2003-08-01","2003-08-31","0","0-130","None specified","NA","NA","Singapore Dengue Surveillance System","272"
"Dengue","38362002","Dengue virus","12637","0","SINGAPORE","SG","CENTRAL SINGAPORE","SG-01","NA","NA","2003-09-01","2003-09-30","0","0-130","None specified","NA","NA","Singapore Dengue Surveillance System","284"
"Dengue","38362002","Dengue virus","12637","0","SINGAPORE","SG","CENTRAL SINGAPORE","SG-01","NA","NA","2003-10-01","2003-10-31","0","0-130","None specified","NA","NA","Singapore Dengue Surveillance System","361"
"Dengue","38362002","Dengue virus","12637","0","SINGAPORE","SG","CENTRAL SINGAPORE","SG-01","NA","NA","2003-11-01","2003-11-30","0","0-130","None specified","NA","NA","Singapore Dengue Surveillance System","382"
"Dengue","38362002","Dengue virus","12637","0","SINGAPORE","SG","CENTRAL SINGAPORE","SG-01","NA","NA","2003-12-01","2003-12-31","0","0-130","None specified","NA","NA","Singapore Dengue Surveillance System","376"
"Dengue","38362002","Dengue virus","12637","0","SINGAPORE","SG","CENTRAL SINGAPORE","SG-01","NA","NA","2004-01-01","2004-01-31","0","0-130","None specified","NA","NA","Singapore Dengue Surveillance System","306"
"Dengue","38362002","Dengue virus","12637","0","SINGAPORE","SG","CENTRAL SINGAPORE","SG-01","NA","NA","2004-02-01","2004-02-29","0","0-130","None specified","NA","NA","Singapore Dengue Surveillance System","276"
"Dengue","38362002","Dengue virus","12637","0","SINGAPORE","SG","CENTRAL SINGAPORE","SG-01","NA","NA","2004-03-01","2004-03-31","0","0-130","None specified","NA","NA","Singapore Dengue Surveillance System","260"
"Dengue","38362002","Dengue virus","12637","0","SINGAPORE","SG","CENTRAL SINGAPORE","SG-01","NA","NA","2004-04-01","2004-04-30","0","0-130","None specified","NA","NA","Singapore Dengue Surveillance System","262"
"Dengue","38362002","Dengue virus","12637","0","SINGAPORE","SG","CENTRAL SINGAPORE","SG-01","NA","NA","2004-05-01","2004-05-31","0","0-130","None specified","NA","NA","Singapore Dengue Surveillance System","441"
"Dengue","38362002","Dengue virus","12637","0","SINGAPORE","SG","CENTRAL SINGAPORE","SG-01","NA","NA","2004-06-01","2004-06-30","0","0-130","None specified","NA","NA","Singapore Dengue Surveillance System","732"
"Dengue","38362002","Dengue virus","12637","0","SINGAPORE","SG","CENTRAL SINGAPORE","SG-01","NA","NA","2004-07-01","2004-07-31","0","0-130","None specified","NA","NA","Singapore Dengue Surveillance System","796"
"Dengue","38362002","Dengue virus","12637","0","SINGAPORE","SG","CENTRAL SINGAPORE","SG-01","NA","NA","2004-08-01","2004-08-31","0","0-130","None specified","NA","NA","Singapore Dengue Surveillance System","1071"
"Dengue","38362002","Dengue virus","12637","0","SINGAPORE","SG","CENTRAL SINGAPORE","SG-01","NA","NA","2004-09-01","2004-09-30","0","0-130","None specified","NA","NA","Singapore Dengue Surveillance System","1510"
"Dengue","38362002","Dengue virus","12637","0","SINGAPORE","SG","CENTRAL SINGAPORE","SG-01","NA","NA","2004-10-01","2004-10-31","0","0-130","None specified","NA","NA","Singapore Dengue Surveillance System","1130"
"Dengue","38362002","Dengue virus","12637","0","SINGAPORE","SG","CENTRAL SINGAPORE","SG-01","NA","NA","2004-11-01","2004-11-30","0","0-130","None specified","NA","NA","Singapore Dengue Surveillance System","973"
"Dengue","38362002","Dengue virus","12637","0","SINGAPORE","SG","CENTRAL SINGAPORE","SG-01","NA","NA","2004-12-01","2004-12-31","0","0-130","None specified","NA","NA","Singapore Dengue Surveillance System","1540"
"Dengue","38362002","Dengue virus","12637","0","SINGAPORE","SG","CENTRAL SINGAPORE","SG-01","NA","NA","2005-01-01","2005-01-31","0","0-130","None specified","NA","NA","Singapore Dengue Surveillance System","1104"
"Dengue","38362002","Dengue virus","12637","0","SINGAPORE","SG","CENTRAL SINGAPORE","SG-01","NA","NA","2005-02-01","2005-02-28","0","0-130","None specified","NA","NA","Singapore Dengue Surveillance System","1034"
"Dengue","38362002","Dengue virus","12637","0","SINGAPORE","SG","CENTRAL SINGAPORE","SG-01","NA","NA","2005-03-01","2005-03-31","0","0-130","None specified","NA","NA","Singapore Dengue Surveillance System","655"
"Dengue","38362002","Dengue virus","12637","0","SINGAPORE","SG","CENTRAL SINGAPORE","SG-01","NA","NA","2005-04-01","2005-04-30","0","0-130","None specified","NA","NA","Singapore Dengue Surveillance System","500"
"Dengue","38362002","Dengue virus","12637","0","SINGAPORE","SG","CENTRAL SINGAPORE","SG-01","NA","NA","2005-05-01","2005-05-31","0","0-130","None specified","NA","NA","Singapore Dengue Surveillance System","611"
"Dengue","38362002","Dengue virus","12637","0","SINGAPORE","SG","CENTRAL SINGAPORE","SG-01","NA","NA","2005-06-01","2005-06-30","0","0-130","None specified","NA","NA","Singapore Dengue Surveillance System","1317"
"Dengue","38362002","Dengue virus","12637","0","SINGAPORE","SG","CENTRAL SINGAPORE","SG-01","NA","NA","2005-07-01","2005-07-31","0","0-130","None specified","NA","NA","Singapore Dengue Surveillance System","1484"
"Dengue","38362002","Dengue virus","12637","0","SINGAPORE","SG","CENTRAL SINGAPORE","SG-01","NA","NA","2005-08-01","2005-08-31","0","0-130","None specified","NA","NA","Singapore Dengue Surveillance System","2098"
"Dengue","38362002","Dengue virus","12637","0","SINGAPORE","SG","CENTRAL SINGAPORE","SG-01","NA","NA","2005-09-01","2005-09-30","0","0-130","None specified","NA","NA","Singapore Dengue Surveillance System","2642"
"Dengue","38362002","Dengue virus","12637","0","SINGAPORE","SG","CENTRAL SINGAPORE","SG-01","NA","NA","2005-10-01","2005-10-31","0","0-130","None specified","NA","NA","Singapore Dengue Surveillance System","1549"
"Dengue","38362002","Dengue virus","12637","0","SINGAPORE","SG","CENTRAL SINGAPORE","SG-01","NA","NA","2005-11-01","2005-11-30","0","0-130","None specified","NA","NA","Singapore Dengue Surveillance System","806"
"Dengue","38362002","Dengue virus","12637","0","SINGAPORE","SG","CENTRAL SINGAPORE","SG-01","NA","NA","2005-12-01","2005-12-31","0","0-130","None specified","NA","NA","Singapore Dengue Surveillance System","373"
"Dengue","38362002","Dengue virus","12637","0","SINGAPORE","SG","CENTRAL SINGAPORE","SG-01","NA","NA","2006-01-01","2006-01-31","0","0-130","None specified","NA","NA","Singapore Dengue Surveillance System","263"
"Dengue","38362002","Dengue virus","12637","0","SINGAPORE","SG","CENTRAL SINGAPORE","SG-01","NA","NA","2006-02-01","2006-02-28","0","0-130","None specified","NA","NA","Singapore Dengue Surveillance System","247"
"Dengue","38362002","Dengue virus","12637","0","SINGAPORE","SG","CENTRAL SINGAPORE","SG-01","NA","NA","2006-03-01","2006-03-31","0","0-130","None specified","NA","NA","Singapore Dengue Surveillance System","240"
"Dengue","38362002","Dengue virus","12637","0","SINGAPORE","SG","CENTRAL SINGAPORE","SG-01","NA","NA","2006-04-01","2006-04-30","0","0-130","None specified","NA","NA","Singapore Dengue Surveillance System","149"
"Dengue","38362002","Dengue virus","12637","0","SINGAPORE","SG","CENTRAL SINGAPORE","SG-01","NA","NA","2006-05-01","2006-05-31","0","0-130","None specified","NA","NA","Singapore Dengue Surveillance System","325"
"Dengue","38362002","Dengue virus","12637","0","SINGAPORE","SG","CENTRAL SINGAPORE","SG-01","NA","NA","2006-06-01","2006-06-30","0","0-130","None specified","NA","NA","Singapore Dengue Surveillance System","351"
"Dengue","38362002","Dengue virus","12637","0","SINGAPORE","SG","CENTRAL SINGAPORE","SG-01","NA","NA","2006-07-01","2006-07-31","0","0-130","None specified","NA","NA","Singapore Dengue Surveillance System","377"
"Dengue","38362002","Dengue virus","12637","0","SINGAPORE","SG","CENTRAL SINGAPORE","SG-01","NA","NA","2006-08-01","2006-08-31","0","0-130","None specified","NA","NA","Singapore Dengue Surveillance System","367"
"Dengue","38362002","Dengue virus","12637","0","SINGAPORE","SG","CENTRAL SINGAPORE","SG-01","NA","NA","2006-09-01","2006-09-30","0","0-130","None specified","NA","NA","Singapore Dengue Surveillance System","222"
"Dengue","38362002","Dengue virus","12637","0","SINGAPORE","SG","CENTRAL SINGAPORE","SG-01","NA","NA","2006-10-01","2006-10-31","0","0-130","None specified","NA","NA","Singapore Dengue Surveillance System","179"
"Dengue","38362002","Dengue virus","12637","0","SINGAPORE","SG","CENTRAL SINGAPORE","SG-01","NA","NA","2006-11-01","2006-11-30","0","0-130","None specified","NA","NA","Singapore Dengue Surveillance System","213"
"Dengue","38362002","Dengue virus","12637","0","SINGAPORE","SG","CENTRAL SINGAPORE","SG-01","NA","NA","2006-12-01","2006-12-31","0","0-130","None specified","NA","NA","Singapore Dengue Surveillance System","195"
"Dengue","38362002","Dengue virus","12637","0","SINGAPORE","SG","CENTRAL SINGAPORE","SG-01","NA","NA","2007-01-01","2007-01-31","0","0-130","None specified","NA","NA","Singapore Dengue Surveillance System","228"
"Dengue","38362002","Dengue virus","12637","0","SINGAPORE","SG","CENTRAL SINGAPORE","SG-01","NA","NA","2007-02-01","2007-02-28","0","0-130","None specified","NA","NA","Singapore Dengue Surveillance System","198"
"Dengue","38362002","Dengue virus","12637","0","SINGAPORE","SG","CENTRAL SINGAPORE","SG-01","NA","NA","2007-03-01","2007-03-31","0","0-130","None specified","NA","NA","Singapore Dengue Surveillance System","265"
"Dengue","38362002","Dengue virus","12637","0","SINGAPORE","SG","CENTRAL SINGAPORE","SG-01","NA","NA","2007-04-01","2007-04-30","0","0-130","None specified","NA","NA","Singapore Dengue Surveillance System","377"
"Dengue","38362002","Dengue virus","12637","0","SINGAPORE","SG","CENTRAL SINGAPORE","SG-01","NA","NA","2007-05-01","2007-05-31","0","0-130","None specified","NA","NA","Singapore Dengue Surveillance System","889"
"Dengue","38362002","Dengue virus","12637","0","SINGAPORE","SG","CENTRAL SINGAPORE","SG-01","NA","NA","2007-06-01","2007-06-30","0","0-130","None specified","NA","NA","Singapore Dengue Surveillance System","1270"
"Dengue","38362002","Dengue virus","12637","0","SINGAPORE","SG","CENTRAL SINGAPORE","SG-01","NA","NA","2007-07-01","2007-07-31","0","0-130","None specified","NA","NA","Singapore Dengue Surveillance System","1553"
"Dengue","38362002","Dengue virus","12637","0","SINGAPORE","SG","CENTRAL SINGAPORE","SG-01","NA","NA","2007-08-01","2007-08-31","0","0-130","None specified","NA","NA","Singapore Dengue Surveillance System","1363"
"Dengue","38362002","Dengue virus","12637","0","SINGAPORE","SG","CENTRAL SINGAPORE","SG-01","NA","NA","2007-09-01","2007-09-30","0","0-130","None specified","NA","NA","Singapore Dengue Surveillance System","802"
"Dengue","38362002","Dengue virus","12637","0","SINGAPORE","SG","CENTRAL SINGAPORE","SG-01","NA","NA","2007-10-01","2007-10-31","0","0-130","None specified","NA","NA","Singapore Dengue Surveillance System","788"
"Dengue","38362002","Dengue virus","12637","0","SINGAPORE","SG","CENTRAL SINGAPORE","SG-01","NA","NA","2007-11-01","2007-11-30","0","0-130","None specified","NA","NA","Singapore Dengue Surveillance System","491"
"Dengue","38362002","Dengue virus","12637","0","SINGAPORE","SG","CENTRAL SINGAPORE","SG-01","NA","NA","2007-12-01","2007-12-31","0","0-130","None specified","NA","NA","Singapore Dengue Surveillance System","502"
"Dengue","38362002","Dengue virus","12637","0","SINGAPORE","SG","CENTRAL SINGAPORE","SG-01","NA","NA","2008-01-01","2008-01-31","0","0-130","None specified","NA","NA","Singapore Dengue Surveillance System","472"
"Dengue","38362002","Dengue virus","12637","0","SINGAPORE","SG","CENTRAL SINGAPORE","SG-01","NA","NA","2008-02-01","2008-02-29","0","0-130","None specified","NA","NA","Singapore Dengue Surveillance System","391"
"Dengue","38362002","Dengue virus","12637","0","SINGAPORE","SG","CENTRAL SINGAPORE","SG-01","NA","NA","2008-03-01","2008-03-31","0","0-130","None specified","NA","NA","Singapore Dengue Surveillance System","301"
"Dengue","38362002","Dengue virus","12637","0","SINGAPORE","SG","CENTRAL SINGAPORE","SG-01","NA","NA","2008-04-01","2008-04-30","0","0-130","None specified","NA","NA","Singapore Dengue Surveillance System","452"
"Dengue","38362002","Dengue virus","12637","0","SINGAPORE","SG","CENTRAL SINGAPORE","SG-01","NA","NA","2008-05-01","2008-05-31","0","0-130","None specified","NA","NA","Singapore Dengue Surveillance System","503"
"Dengue","38362002","Dengue virus","12637","0","SINGAPORE","SG","CENTRAL SINGAPORE","SG-01","NA","NA","2008-06-01","2008-06-30","0","0-130","None specified","NA","NA","Singapore Dengue Surveillance System","639"
"Dengue","38362002","Dengue virus","12637","0","SINGAPORE","SG","CENTRAL SINGAPORE","SG-01","NA","NA","2008-07-01","2008-07-31","0","0-130","None specified","NA","NA","Singapore Dengue Surveillance System","671"
"Dengue","38362002","Dengue virus","12637","0","SINGAPORE","SG","CENTRAL SINGAPORE","SG-01","NA","NA","2008-08-01","2008-08-31","0","0-130","None specified","NA","NA","Singapore Dengue Surveillance System","599"
"Dengue","38362002","Dengue virus","12637","0","SINGAPORE","SG","CENTRAL SINGAPORE","SG-01","NA","NA","2008-09-01","2008-09-30","0","0-130","None specified","NA","NA","Singapore Dengue Surveillance System","535"
"Dengue","38362002","Dengue virus","12637","0","SINGAPORE","SG","CENTRAL SINGAPORE","SG-01","NA","NA","2008-10-01","2008-10-31","0","0-130","None specified","NA","NA","Singapore Dengue Surveillance System","792"
"Dengue","38362002","Dengue virus","12637","0","SINGAPORE","SG","CENTRAL SINGAPORE","SG-01","NA","NA","2008-11-01","2008-11-30","0","0-130","None specified","NA","NA","Singapore Dengue Surveillance System","575"
"Dengue","38362002","Dengue virus","12637","0","SINGAPORE","SG","CENTRAL SINGAPORE","SG-01","NA","NA","2008-12-01","2008-12-31","0","0-130","None specified","NA","NA","Singapore Dengue Surveillance System","904"
"Dengue","38362002","Dengue virus","12637","0","SINGAPORE","SG","CENTRAL SINGAPORE","SG-01","NA","NA","2009-01-01","2009-01-31","0","0-130","None specified","NA","NA","Singapore Dengue Surveillance System","628"
"Dengue","38362002","Dengue virus","12637","0","SINGAPORE","SG","CENTRAL SINGAPORE","SG-01","NA","NA","2009-02-01","2009-02-28","0","0-130","None specified","NA","NA","Singapore Dengue Surveillance System","499"
"Dengue","38362002","Dengue virus","12637","0","SINGAPORE","SG","CENTRAL SINGAPORE","SG-01","NA","NA","2009-03-01","2009-03-31","0","0-130","None specified","NA","NA","Singapore Dengue Surveillance System","324"
"Dengue","38362002","Dengue virus","12637","0","SINGAPORE","SG","CENTRAL SINGAPORE","SG-01","NA","NA","2009-04-01","2009-04-30","0","0-130","None specified","NA","NA","Singapore Dengue Surveillance System","470"
"Dengue","38362002","Dengue virus","12637","0","SINGAPORE","SG","CENTRAL SINGAPORE","SG-01","NA","NA","2009-05-01","2009-05-31","0","0-130","None specified","NA","NA","Singapore Dengue Surveillance System","416"
"Dengue","38362002","Dengue virus","12637","0","SINGAPORE","SG","CENTRAL SINGAPORE","SG-01","NA","NA","2009-06-01","2009-06-30","0","0-130","None specified","NA","NA","Singapore Dengue Surveillance System","391"
"Dengue","38362002","Dengue virus","12637","0","SINGAPORE","SG","CENTRAL SINGAPORE","SG-01","NA","NA","2009-07-01","2009-07-31","0","0-130","None specified","NA","NA","Singapore Dengue Surveillance System","336"
"Dengue","38362002","Dengue virus","12637","0","SINGAPORE","SG","CENTRAL SINGAPORE","SG-01","NA","NA","2009-08-01","2009-08-31","0","0-130","None specified","NA","NA","Singapore Dengue Surveillance System","303"
"Dengue","38362002","Dengue virus","12637","0","SINGAPORE","SG","CENTRAL SINGAPORE","SG-01","NA","NA","2009-09-01","2009-09-30","0","0-130","None specified","NA","NA","Singapore Dengue Surveillance System","267"
"Dengue","38362002","Dengue virus","12637","0","SINGAPORE","SG","CENTRAL SINGAPORE","SG-01","NA","NA","2009-10-01","2009-10-31","0","0-130","None specified","NA","NA","Singapore Dengue Surveillance System","281"
"Dengue","38362002","Dengue virus","12637","0","SINGAPORE","SG","CENTRAL SINGAPORE","SG-01","NA","NA","2009-11-01","2009-11-30","0","0-130","None specified","NA","NA","Singapore Dengue Surveillance System","268"
"Dengue","38362002","Dengue virus","12637","0","SINGAPORE","SG","CENTRAL SINGAPORE","SG-01","NA","NA","2009-12-01","2009-12-31","0","0-130","None specified","NA","NA","Singapore Dengue Surveillance System","340"
"Dengue","38362002","Dengue virus","12637","0","SINGAPORE","SG","CENTRAL SINGAPORE","SG-01","NA","NA","2010-01-01","2010-01-31","0","0-130","None specified","NA","NA","Singapore Dengue Surveillance System","381"
"Dengue","38362002","Dengue virus","12637","0","SINGAPORE","SG","CENTRAL SINGAPORE","SG-01","NA","NA","2010-02-01","2010-02-28","0","0-130","None specified","NA","NA","Singapore Dengue Surveillance System","353"
"Dengue","38362002","Dengue virus","12637","0","SINGAPORE","SG","CENTRAL SINGAPORE","SG-01","NA","NA","2010-03-01","2010-03-31","0","0-130","None specified","NA","NA","Singapore Dengue Surveillance System","358"
"Dengue","38362002","Dengue virus","12637","0","SINGAPORE","SG","CENTRAL SINGAPORE","SG-01","NA","NA","2010-04-01","2010-04-30","0","0-130","None specified","NA","NA","Singapore Dengue Surveillance System","264"
"Dengue","38362002","Dengue virus","12637","0","SINGAPORE","SG","CENTRAL SINGAPORE","SG-01","NA","NA","2010-05-01","2010-05-31","0","0-130","None specified","NA","NA","Singapore Dengue Surveillance System","253"
"Dengue","38362002","Dengue virus","12637","0","SINGAPORE","SG","CENTRAL SINGAPORE","SG-01","NA","NA","2010-06-01","2010-06-30","0","0-130","None specified","NA","NA","Singapore Dengue Surveillance System","509"
"Dengue","38362002","Dengue virus","12637","0","SINGAPORE","SG","CENTRAL SINGAPORE","SG-01","NA","NA","2010-07-01","2010-07-31","0","0-130","None specified","NA","NA","Singapore Dengue Surveillance System","504"
"Dengue","38362002","Dengue virus","12637","0","SINGAPORE","SG","CENTRAL SINGAPORE","SG-01","NA","NA","2010-08-01","2010-08-31","0","0-130","None specified","NA","NA","Singapore Dengue Surveillance System","532"
"Dengue","38362002","Dengue virus","12637","0","SINGAPORE","SG","CENTRAL SINGAPORE","SG-01","NA","NA","2010-09-01","2010-09-30","0","0-130","None specified","NA","NA","Singapore Dengue Surveillance System","797"
"Dengue","38362002","Dengue virus","12637","0","SINGAPORE","SG","CENTRAL SINGAPORE","SG-01","NA","NA","2010-10-01","2010-10-31","0","0-130","None specified","NA","NA","Singapore Dengue Surveillance System","601"
"Dengue","38362002","Dengue virus","12637","0","SINGAPORE","SG","CENTRAL SINGAPORE","SG-01","NA","NA","2010-11-01","2010-11-30","0","0-130","None specified","NA","NA","Singapore Dengue Surveillance System","392"
"Dengue","38362002","Dengue virus","12637","0","SINGAPORE","SG","CENTRAL SINGAPORE","SG-01","NA","NA","2010-12-01","2010-12-31","0","0-130","None specified","NA","NA","Singapore Dengue Surveillance System","448"
"Dengue","38362002","Dengue virus","12637","0","SINGAPORE","SG","NA","NA","NA","NA","1960-01-01","1960-12-31","0","0-130","None specified","NA","NA","World Health Organization DengueNet Database","88"
"Dengue","38362002","Dengue virus","12637","0","SINGAPORE","SG","NA","NA","NA","NA","1961-01-01","1961-12-31","0","0-130","None specified","NA","NA","World Health Organization DengueNet Database","166"
"Dengue","38362002","Dengue virus","12637","0","SINGAPORE","SG","NA","NA","NA","NA","1962-01-01","1962-12-31","0","0-130","None specified","NA","NA","World Health Organization DengueNet Database","197"
"Dengue","38362002","Dengue virus","12637","0","SINGAPORE","SG","NA","NA","NA","NA","1963-01-01","1963-12-31","0","0-130","None specified","NA","NA","World Health Organization DengueNet Database","294"
"Dengue","38362002","Dengue virus","12637","0","SINGAPORE","SG","NA","NA","NA","NA","1964-01-01","1964-12-31","0","0-130","None specified","NA","NA","World Health Organization DengueNet Database","363"
"Dengue","38362002","Dengue virus","12637","0","SINGAPORE","SG","NA","NA","NA","NA","1965-01-01","1965-12-31","0","0-130","None specified","NA","NA","World Health Organization DengueNet Database","47"
"Dengue","38362002","Dengue virus","12637","0","SINGAPORE","SG","NA","NA","NA","NA","1966-01-01","1966-12-31","0","0-130","None specified","NA","NA","World Health Organization DengueNet Database","630"
"Dengue","38362002","Dengue virus","12637","0","SINGAPORE","SG","NA","NA","NA","NA","1967-01-01","1967-12-31","0","0-130","None specified","NA","NA","World Health Organization DengueNet Database","826"
"Dengue","38362002","Dengue virus","12637","0","SINGAPORE","SG","NA","NA","NA","NA","1968-01-01","1968-12-31","0","0-130","None specified","NA","NA","World Health Organization DengueNet Database","848"
"Dengue","38362002","Dengue virus","12637","0","SINGAPORE","SG","NA","NA","NA","NA","1969-01-01","1969-12-31","0","0-130","None specified","NA","NA","World Health Organization DengueNet Database","189"
"Dengue","38362002","Dengue virus","12637","0","SINGAPORE","SG","NA","NA","NA","NA","1970-01-01","1970-12-31","0","0-130","None specified","NA","NA","World Health Organization DengueNet Database","71"
"Dengue","38362002","Dengue virus","12637","0","SINGAPORE","SG","NA","NA","NA","NA","1971-01-01","1971-12-31","0","0-130","None specified","NA","NA","World Health Organization DengueNet Database","116"
"Dengue","38362002","Dengue virus","12637","0","SINGAPORE","SG","NA","NA","NA","NA","1972-01-01","1972-12-31","0","0-130","None specified","NA","NA","World Health Organization DengueNet Database","64"
"Dengue","38362002","Dengue virus","12637","0","SINGAPORE","SG","NA","NA","NA","NA","1973-01-01","1973-12-31","0","0-130","None specified","NA","NA","World Health Organization DengueNet Database","1187"
"Dengue","38362002","Dengue virus","12637","0","SINGAPORE","SG","NA","NA","NA","NA","1974-01-01","1974-12-31","0","0-130","None specified","NA","NA","World Health Organization DengueNet Database","229"
"Dengue","38362002","Dengue virus","12637","0","SINGAPORE","SG","NA","NA","NA","NA","1975-01-01","1975-12-31","0","0-130","None specified","NA","NA","World Health Organization DengueNet Database","59"
"Dengue","38362002","Dengue virus","12637","0","SINGAPORE","SG","NA","NA","NA","NA","1976-01-01","1976-12-31","0","0-130","None specified","NA","NA","World Health Organization DengueNet Database","30"
"Dengue","38362002","Dengue virus","12637","0","SINGAPORE","SG","NA","NA","NA","NA","1977-01-01","1977-12-31","0","0-130","None specified","NA","NA","World Health Organization DengueNet Database","92"
"Dengue","38362002","Dengue virus","12637","0","SINGAPORE","SG","NA","NA","NA","NA","1978-01-01","1978-12-31","0","0-130","None specified","NA","NA","World Health Organization DengueNet Database","384"
"Dengue","38362002","Dengue virus","12637","0","SINGAPORE","SG","NA","NA","NA","NA","1979-01-01","1979-12-31","0","0-130","None specified","NA","NA","World Health Organization DengueNet Database","156"
"Dengue","38362002","Dengue virus","12637","0","SINGAPORE","SG","NA","NA","NA","NA","1980-01-01","1980-12-31","0","0-130","None specified","NA","NA","World Health Organization DengueNet Database","253"
"Dengue","38362002","Dengue virus","12637","0","SINGAPORE","SG","NA","NA","NA","NA","1981-01-01","1981-12-31","0","0-130","None specified","NA","NA","World Health Organization DengueNet Database","136"
"Dengue","38362002","Dengue virus","12637","0","SINGAPORE","SG","NA","NA","NA","NA","1982-01-01","1982-12-31","0","0-130","None specified","NA","NA","World Health Organization DengueNet Database","216"
"Dengue","38362002","Dengue virus","12637","0","SINGAPORE","SG","NA","NA","NA","NA","1983-01-01","1983-12-31","0","0-130","None specified","NA","NA","World Health Organization DengueNet Database","205"
"Dengue","38362002","Dengue virus","12637","0","SINGAPORE","SG","NA","NA","NA","NA","1984-01-01","1984-12-31","0","0-130","None specified","NA","NA","World Health Organization DengueNet Database","86"
"Dengue","38362002","Dengue virus","12637","0","SINGAPORE","SG","NA","NA","NA","NA","1985-01-01","1985-12-31","0","0-130","None specified","NA","NA","World Health Organization DengueNet Database","126"
"Dengue","38362002","Dengue virus","12637","0","SINGAPORE","SG","NA","NA","NA","NA","1986-01-01","1986-12-31","0","0-130","None specified","NA","NA","World Health Organization DengueNet Database","354"
"Dengue","38362002","Dengue virus","12637","0","SINGAPORE","SG","NA","NA","NA","NA","1987-01-01","1987-12-31","0","0-130","None specified","NA","NA","World Health Organization DengueNet Database","436"
"Dengue","38362002","Dengue virus","12637","0","SINGAPORE","SG","NA","NA","NA","NA","1988-01-01","1988-12-31","0","0-130","None specified","NA","NA","World Health Organization DengueNet Database","245"
"Dengue","38362002","Dengue virus","12637","0","SINGAPORE","SG","NA","NA","NA","NA","1989-01-01","1989-12-31","0","0-130","None specified","NA","NA","World Health Organization DengueNet Database","944"
"Dengue","38362002","Dengue virus","12637","0","SINGAPORE","SG","NA","NA","NA","NA","1990-01-01","1990-12-31","0","0-130","None specified","NA","NA","World Health Organization DengueNet Database","1733"
"Dengue","38362002","Dengue virus","12637","0","SINGAPORE","SG","NA","NA","NA","NA","1991-01-01","1991-12-31","0","0-130","None specified","NA","NA","World Health Organization DengueNet Database","2179"
"Dengue","38362002","Dengue virus","12637","0","SINGAPORE","SG","NA","NA","NA","NA","1992-01-01","1992-12-31","0","0-130","None specified","NA","NA","World Health Organization DengueNet Database","2878"
"Dengue","38362002","Dengue virus","12637","0","SINGAPORE","SG","NA","NA","NA","NA","1993-01-01","1993-12-31","0","0-130","None specified","NA","NA","World Health Organization DengueNet Database","946"
"Dengue","38362002","Dengue virus","12637","0","SINGAPORE","SG","NA","NA","NA","NA","1994-01-01","1994-12-31","0","0-130","None specified","NA","NA","World Health Organization DengueNet Database","1239"
"Dengue","38362002","Dengue virus","12637","0","SINGAPORE","SG","NA","NA","NA","NA","1995-01-01","1995-12-31","0","0-130","None specified","NA","NA","World Health Organization DengueNet Database","2008"
"Dengue","38362002","Dengue virus","12637","0","SINGAPORE","SG","NA","NA","NA","NA","1996-01-01","1996-12-31","0","0-130","None specified","NA","NA","World Health Organization DengueNet Database","3128"
"Dengue","38362002","Dengue virus","12637","0","SINGAPORE","SG","NA","NA","NA","NA","1997-01-01","1997-12-31","0","0-130","None specified","NA","NA","World Health Organization DengueNet Database","4300"
"Dengue","38362002","Dengue virus","12637","0","SINGAPORE","SG","NA","NA","NA","NA","1998-01-01","1998-12-31","0","0-130","None specified","NA","NA","World Health Organization DengueNet Database","5258"
"Dengue","38362002","Dengue virus","12637","0","SINGAPORE","SG","NA","NA","NA","NA","1999-01-01","1999-12-31","0","0-130","None specified","NA","NA","World Health Organization DengueNet Database","1355"
"Dengue","38362002","Dengue virus","12637","0","SINGAPORE","SG","NA","NA","NA","NA","2000-01-01","2000-12-31","0","0-130","None specified","NA","NA","World Health Organization DengueNet Database","673"
"Dengue","38362002","Dengue virus","12637","0","SINGAPORE","SG","NA","NA","NA","NA","2001-01-01","2001-12-31","0","0-130","None specified","NA","NA","World Health Organization DengueNet Database","2372"
"Dengue","38362002","Dengue virus","12637","0","SINGAPORE","SG","NA","NA","NA","NA","2002-01-01","2002-12-31","0","0-130","None specified","NA","NA","World Health Organization DengueNet Database","3945"
"Dengue","38362002","Dengue virus","12637","0","SINGAPORE","SG","NA","NA","NA","NA","2003-01-01","2003-12-31","0","0-130","None specified","NA","NA","World Health Organization DengueNet Database","4788"
"Dengue","38362002","Dengue virus","12637","0","SINGAPORE","SG","NA","NA","NA","NA","2004-01-01","2004-12-31","0","0-130","None specified","NA","NA","World Health Organization DengueNet Database","9459"
"Dengue","38362002","Dengue virus","12637","0","SINGAPORE","SG","NA","NA","NA","NA","2005-01-01","2005-12-31","0","0-130","None specified","NA","NA","World Health Organization DengueNet Database","14209"
"Dengue","38362002","Dengue virus","12637","0","SINGAPORE","SG","NA","NA","NA","NA","2006-01-01","2006-12-31","0","0-130","None specified","NA","NA","World Health Organization DengueNet Database","3127"
"Dengue","38362002","Dengue virus","12637","0","SINGAPORE","SG","NA","NA","NA","NA","2007-01-01","2007-12-31","0","0-130","None specified","NA","NA","World Health Organization DengueNet Database","8826"
"Dengue","38362002","Dengue virus","12637","0","SINGAPORE","SG","NA","NA","NA","NA","2008-01-01","2008-12-31","0","0-130","None specified","NA","NA","World Health Organization DengueNet Database","7031"
"Dengue","38362002","Dengue virus","12637","0","SINGAPORE","SG","NA","NA","NA","NA","2010-01-01","2010-12-31","0","0-130","None specified","NA","NA","World Health Organization Western Pacific Regional Office Health Information Platform","5364"
"Dengue","38362002","Dengue virus","12637","0","SINGAPORE","SG","NA","NA","NA","NA","2000-01-01","2000-12-31","0","0-130","None specified","NA","NA","World Health Organization Western Pacific Regional Office website","673"
"Dengue","38362002","Dengue virus","12637","0","SINGAPORE","SG","NA","NA","NA","NA","2001-01-01","2001-12-31","0","0-130","None specified","NA","NA","World Health Organization Western Pacific Regional Office website","2372"
"Dengue","38362002","Dengue virus","12637","0","SINGAPORE","SG","NA","NA","NA","NA","2002-01-01","2002-12-31","0","0-130","None specified","NA","NA","World Health Organization Western Pacific Regional Office website","3945"
"Dengue","38362002","Dengue virus","12637","0","SINGAPORE","SG","NA","NA","NA","NA","2003-01-01","2003-12-31","0","0-130","None specified","NA","NA","World Health Organization Western Pacific Regional Office website","4788"
"Dengue","38362002","Dengue virus","12637","0","SINGAPORE","SG","NA","NA","NA","NA","2004-01-01","2004-12-31","0","0-130","None specified","NA","NA","World Health Organization Western Pacific Regional Office website","9459"
"Dengue","38362002","Dengue virus","12637","0","SINGAPORE","SG","NA","NA","NA","NA","2005-01-01","2005-12-31","0","0-130","None specified","NA","NA","World Health Organization Western Pacific Regional Office website","14209"
"Dengue","38362002","Dengue virus","12637","0","SINGAPORE","SG","NA","NA","NA","NA","2006-01-01","2006-12-31","0","0-130","None specified","NA","NA","World Health Organization Western Pacific Regional Office website","3127"
"Dengue","38362002","Dengue virus","12637","0","SINGAPORE","SG","NA","NA","NA","NA","2007-01-01","2007-12-31","0","0-130","None specified","NA","NA","World Health Organization Western Pacific Regional Office website","8826"
"Dengue","38362002","Dengue virus","12637","0","SINGAPORE","SG","NA","NA","NA","NA","2008-01-01","2008-12-31","0","0-130","None specified","NA","NA","World Health Organization Western Pacific Regional Office website","7032"
"Dengue","38362002","Dengue virus","12637","0","SINGAPORE","SG","NA","NA","NA","NA","2009-01-01","2009-12-31","0","0-130","None specified","NA","NA","World Health Organization Western Pacific Regional Office website","4497"
"Dengue","38362002","Dengue virus","12637","1","SINGAPORE","SG","NA","NA","NA","NA","1980-01-01","1980-12-31","0","0-130","None specified","NA","NA","World Health Organization DengueNet Database","2"
"Dengue","38362002","Dengue virus","12637","1","SINGAPORE","SG","NA","NA","NA","NA","1981-01-01","1981-12-31","0","0-130","None specified","NA","NA","World Health Organization DengueNet Database","0"
"Dengue","38362002","Dengue virus","12637","1","SINGAPORE","SG","NA","NA","NA","NA","1982-01-01","1982-12-31","0","0-130","None specified","NA","NA","World Health Organization DengueNet Database","0"
"Dengue","38362002","Dengue virus","12637","1","SINGAPORE","SG","NA","NA","NA","NA","1983-01-01","1983-12-31","0","0-130","None specified","NA","NA","World Health Organization DengueNet Database","2"
"Dengue","38362002","Dengue virus","12637","1","SINGAPORE","SG","NA","NA","NA","NA","1984-01-01","1984-12-31","0","0-130","None specified","NA","NA","World Health Organization DengueNet Database","0"
"Dengue","38362002","Dengue virus","12637","1","SINGAPORE","SG","NA","NA","NA","NA","1985-01-01","1985-12-31","0","0-130","None specified","NA","NA","World Health Organization DengueNet Database","3"
"Dengue","38362002","Dengue virus","12637","1","SINGAPORE","SG","NA","NA","NA","NA","1986-01-01","1986-12-31","0","0-130","None specified","NA","NA","World Health Organization DengueNet Database","1"
"Dengue","38362002","Dengue virus","12637","1","SINGAPORE","SG","NA","NA","NA","NA","1987-01-01","1987-12-31","0","0-130","None specified","NA","NA","World Health Organization DengueNet Database","5"
"Dengue","38362002","Dengue virus","12637","1","SINGAPORE","SG","NA","NA","NA","NA","1988-01-01","1988-12-31","0","0-130","None specified","NA","NA","World Health Organization DengueNet Database","0"
"Dengue","38362002","Dengue virus","12637","1","SINGAPORE","SG","NA","NA","NA","NA","1989-01-01","1989-12-31","0","0-130","None specified","NA","NA","World Health Organization DengueNet Database","2"
"Dengue","38362002","Dengue virus","12637","1","SINGAPORE","SG","NA","NA","NA","NA","1990-01-01","1990-12-31","0","0-130","None specified","NA","NA","World Health Organization DengueNet Database","2"
"Dengue","38362002","Dengue virus","12637","1","SINGAPORE","SG","NA","NA","NA","NA","1991-01-01","1991-12-31","0","0-130","None specified","NA","NA","World Health Organization DengueNet Database","7"
"Dengue","38362002","Dengue virus","12637","1","SINGAPORE","SG","NA","NA","NA","NA","1992-01-01","1992-12-31","0","0-130","None specified","NA","NA","World Health Organization DengueNet Database","8"
"Dengue","38362002","Dengue virus","12637","1","SINGAPORE","SG","NA","NA","NA","NA","1993-01-01","1993-12-31","0","0-130","None specified","NA","NA","World Health Organization DengueNet Database","2"
"Dengue","38362002","Dengue virus","12637","1","SINGAPORE","SG","NA","NA","NA","NA","1994-01-01","1994-12-31","0","0-130","None specified","NA","NA","World Health Organization DengueNet Database","2"
"Dengue","38362002","Dengue virus","12637","1","SINGAPORE","SG","NA","NA","NA","NA","1995-01-01","1995-12-31","0","0-130","None specified","NA","NA","World Health Organization DengueNet Database","2"
"Dengue","38362002","Dengue virus","12637","1","SINGAPORE","SG","NA","NA","NA","NA","1996-01-01","1996-12-31","0","0-130","None specified","NA","NA","World Health Organization DengueNet Database","4"
"Dengue","38362002","Dengue virus","12637","1","SINGAPORE","SG","NA","NA","NA","NA","1997-01-01","1997-12-31","0","0-130","None specified","NA","NA","World Health Organization DengueNet Database","6"
"Dengue","38362002","Dengue virus","12637","1","SINGAPORE","SG","NA","NA","NA","NA","1998-01-01","1998-12-31","0","0-130","None specified","NA","NA","World Health Organization DengueNet Database","2"
"Dengue","38362002","Dengue virus","12637","1","SINGAPORE","SG","NA","NA","NA","NA","1999-01-01","1999-12-31","0","0-130","None specified","NA","NA","World Health Organization DengueNet Database","5"
"Dengue","38362002","Dengue virus","12637","1","SINGAPORE","SG","NA","NA","NA","NA","2000-01-01","2000-12-31","0","0-130","None specified","NA","NA","World Health Organization DengueNet Database","2"
"Dengue","38362002","Dengue virus","12637","1","SINGAPORE","SG","NA","NA","NA","NA","2001-01-01","2001-12-31","0","0-130","None specified","NA","NA","World Health Organization DengueNet Database","6"
"Dengue","38362002","Dengue virus","12637","1","SINGAPORE","SG","NA","NA","NA","NA","2002-01-01","2002-12-31","0","0-130","None specified","NA","NA","World Health Organization DengueNet Database","6"
"Dengue","38362002","Dengue virus","12637","1","SINGAPORE","SG","NA","NA","NA","NA","2003-01-01","2003-12-31","0","0-130","None specified","NA","NA","World Health Organization DengueNet Database","6"
"Dengue","38362002","Dengue virus","12637","1","SINGAPORE","SG","NA","NA","NA","NA","2004-01-01","2004-12-31","0","0-130","None specified","NA","NA","World Health Organization DengueNet Database","9"
"Dengue","38362002","Dengue virus","12637","1","SINGAPORE","SG","NA","NA","NA","NA","2005-01-01","2005-12-31","0","0-130","None specified","NA","NA","World Health Organization DengueNet Database","27"
"Dengue","38362002","Dengue virus","12637","1","SINGAPORE","SG","NA","NA","NA","NA","2006-01-01","2006-12-31","0","0-130","None specified","NA","NA","World Health Organization DengueNet Database","10"
"Dengue","38362002","Dengue virus","12637","1","SINGAPORE","SG","NA","NA","NA","NA","2007-01-01","2007-12-31","0","0-130","None specified","NA","NA","World Health Organization DengueNet Database","24"
"Dengue","38362002","Dengue virus","12637","1","SINGAPORE","SG","NA","NA","NA","NA","2010-01-01","2010-12-31","0","0-130","None specified","NA","NA","World Health Organization Western Pacific Regional Office Health Information Platform","6"
"Dengue","38362002","Dengue virus","12637","1","SINGAPORE","SG","NA","NA","NA","NA","2000-01-01","2000-12-31","0","0-130","None specified","NA","NA","World Health Organization Western Pacific Regional Office website","2"
"Dengue","38362002","Dengue virus","12637","1","SINGAPORE","SG","NA","NA","NA","NA","2001-01-01","2001-12-31","0","0-130","None specified","NA","NA","World Health Organization Western Pacific Regional Office website","6"
"Dengue","38362002","Dengue virus","12637","1","SINGAPORE","SG","NA","NA","NA","NA","2002-01-01","2002-12-31","0","0-130","None specified","NA","NA","World Health Organization Western Pacific Regional Office website","6"
"Dengue","38362002","Dengue virus","12637","1","SINGAPORE","SG","NA","NA","NA","NA","2003-01-01","2003-12-31","0","0-130","None specified","NA","NA","World Health Organization Western Pacific Regional Office website","6"
"Dengue","38362002","Dengue virus","12637","1","SINGAPORE","SG","NA","NA","NA","NA","2004-01-01","2004-12-31","0","0-130","None specified","NA","NA","World Health Organization Western Pacific Regional Office website","8"
"Dengue","38362002","Dengue virus","12637","1","SINGAPORE","SG","NA","NA","NA","NA","2005-01-01","2005-12-31","0","0-130","None specified","NA","NA","World Health Organization Western Pacific Regional Office website","27"
"Dengue","38362002","Dengue virus","12637","1","SINGAPORE","SG","NA","NA","NA","NA","2006-01-01","2006-12-31","0","0-130","None specified","NA","NA","World Health Organization Western Pacific Regional Office website","378"
"Dengue","38362002","Dengue virus","12637","1","SINGAPORE","SG","NA","NA","NA","NA","2007-01-01","2007-12-31","0","0-130","None specified","NA","NA","World Health Organization Western Pacific Regional Office website","24"
"Dengue","38362002","Dengue virus","12637","1","SINGAPORE","SG","NA","NA","NA","NA","2009-01-01","2009-12-31","0","0-130","None specified","NA","NA","World Health Organization Western Pacific Regional Office website","8"
